Series Name,Series Code,Country Name,Country Code,1990 [YR1990],2000 [YR2000],2007 [YR2007],2008 [YR2008],2009 [YR2009],2010 [YR2010],2011 [YR2011],2012 [YR2012],2013 [YR2013],2014 [YR2014],2015 [YR2015],2016 [YR2016]
"GDP per capita, PPP (constant 2011 international $)",NY.GDP.PCAP.PP.KD,Arab World,ARB,10450.20854,11768.47245,13778.16196,14232.69118,14025.50864,14354.37992,14444.87792,15056.31677,15174.1017,15199.00892,15342.76648,15500.53052
"GDP per capita, PPP (constant 2011 international $)",NY.GDP.PCAP.PP.KD,East Asia & Pacific,EAS,4964.741818,7178.886568,10350.21484,10813.71975,11132.15071,11964.94782,12610.42886,13242.78569,13897.32147,14518.18371,15143.10143,15788.22849
"GDP per capita, PPP (constant 2011 international $)",NY.GDP.PCAP.PP.KD,East Asia & Pacific (excluding high income),EAP,2226.475036,4149.552499,7158.065545,7690.443941,8201.571112,8925.16475,9592.577194,10232.0163,10878.28857,11517.6438,12169.18083,12838.08583
"GDP per capita, PPP (constant 2011 international $)",NY.GDP.PCAP.PP.KD,Euro area,EMU,28115.88283,34082.18932,38009.38316,37994.69103,36135.41488,36786.64655,37434.34967,37000.18359,36773.15809,37140.04125,37795.29058,38359.70463
"GDP per capita, PPP (constant 2011 international $)",NY.GDP.PCAP.PP.KD,Europe & Central Asia,ECS,20561.8507,22220.7028,27450.80988,27781.99016,26379.59372,27035.97329,27766.59967,27856.51341,28078.65733,28463.15357,28801.84289,29176.605
"GDP per capita, PPP (constant 2011 international $)",NY.GDP.PCAP.PP.KD,Europe & Central Asia (excluding high income),ECA,13652.2761,10205.30084,16012.63669,16706.47692,15639.69843,16339.20613,17266.78239,17780.96382,18335.38192,18588.81613,18505.61102,18655.00463
"GDP per capita, PPP (constant 2011 international $)",NY.GDP.PCAP.PP.KD,European Union,EUU,24875.03787,30325.54297,34998.89402,35110.53287,33502.64303,34102.6594,34720.33564,34498.48138,34495.55926,35007.9413,35737.63286,36357.07392
"GDP per capita, PPP (constant 2011 international $)",NY.GDP.PCAP.PP.KD,Heavily indebted poor countries (HIPC),HPC,1482.499223,1435.771545,1692.48931,1746.152799,1772.961285,1823.758366,1861.851773,1916.995218,1974.142455,2028.924951,2075.113894,2113.669306
"GDP per capita, PPP (constant 2011 international $)",NY.GDP.PCAP.PP.KD,High income,HIC,28447.45647,35153.37811,39964.86773,39873.42922,38278.39009,39243.69268,39921.97995,40222.84058,40567.21749,41163.88452,41900.91825,42350.83087
"GDP per capita, PPP (constant 2011 international $)",NY.GDP.PCAP.PP.KD,Latin America & Caribbean,LCN,9780.744366,11458.6726,13191.73197,13528.64743,13089.63949,13701.07401,14141.60132,14379.34903,14625.59236,14643.29,14568.25215,14412.23721
"GDP per capita, PPP (constant 2011 international $)",NY.GDP.PCAP.PP.KD,Latin America & Caribbean (excluding high income),LAC,9567.729329,10848.87637,12364.44325,12681.6938,12311.63528,12843.6307,13233.72355,13494.38599,13722.51296,13787.20157,13659.78363,13528.49989
"GDP per capita, PPP (constant 2011 international $)",NY.GDP.PCAP.PP.KD,Least developed countries: UN classification,LDC,1305.509846,1417.728482,1896.975558,1985.874639,2040.165027,2116.753777,2158.72883,2206.419366,2288.487047,2358.794733,2386.371898,2417.224713
"GDP per capita, PPP (constant 2011 international $)",NY.GDP.PCAP.PP.KD,Low & middle income,LMY,4166.961328,4828.135707,6882.024888,7176.381006,7298.33178,7746.160637,8109.182524,8427.405262,8757.066573,9064.617566,9334.022683,9646.696455
"GDP per capita, PPP (constant 2011 international $)",NY.GDP.PCAP.PP.KD,Low income,LIC,1445.041276,1363.941126,1565.104136,1601.631379,1641.945993,1707.052577,1737.573623,1757.941144,1821.349992,1874.285732,1844.112599,1829.84474
"GDP per capita, PPP (constant 2011 international $)",NY.GDP.PCAP.PP.KD,Lower middle income,LMC,2732.930278,3170.084856,4387.204939,4528.95214,4695.217813,4970.466106,5165.748786,5350.088739,5563.43018,5798.152566,6053.883716,6295.706973
"GDP per capita, PPP (constant 2011 international $)",NY.GDP.PCAP.PP.KD,Middle East & North Africa,MEA,11859.98878,13554.72694,16182.20295,16545.13483,16338.54991,16802.82884,16964.64604,17228.83023,17301.72045,17444.34786,17505.67476,18043.60383
"GDP per capita, PPP (constant 2011 international $)",NY.GDP.PCAP.PP.KD,Middle East & North Africa (excluding high income),MNA,8102.149261,9203.339682,11148.41932,11344.81488,11434.20754,11815.42908,11532.35573,11610.33788,11596.46358,11645.16217,11552.92418,12139.78747
"GDP per capita, PPP (constant 2011 international $)",NY.GDP.PCAP.PP.KD,Middle income,MIC,4422.810043,5191.175663,7494.928793,7828.983066,7971.678224,8475.470232,8888.09503,9253.561792,9628.519035,9980.894712,10300.33069,10668.24565
"GDP per capita, PPP (constant 2011 international $)",NY.GDP.PCAP.PP.KD,North America,NAC,36485.72225,45146.13393,50091.65362,49521.43568,47706.75714,48516.5057,48978.07671,49651.32774,50137.01637,51034.86936,52016.22316,52375.11954
"GDP per capita, PPP (constant 2011 international $)",NY.GDP.PCAP.PP.KD,OECD members,OED,26932.3104,32809.28234,36923.40904,36738.33082,35207.11158,36023.05756,36562.43188,36819.38498,37130.95476,37646.75101,38294.44909,38724.79433
"GDP per capita, PPP (constant 2011 international $)",NY.GDP.PCAP.PP.KD,South Asia,SAS,1847.597556,2520.236474,3588.229928,3669.82913,3887.939733,4173.310172,4371.638183,4547.649923,4758.13957,5022.284611,5332.822278,5624.744718
"GDP per capita, PPP (constant 2011 international $)",NY.GDP.PCAP.PP.KD,Sub-Saharan Africa,SSF,2513.888302,2379.286194,3040.484324,3121.923539,3138.268221,3227.606154,3294.688904,3327.876874,3405.807014,3478.798839,3499.271211,3458.964427
"GDP per capita, PPP (constant 2011 international $)",NY.GDP.PCAP.PP.KD,Sub-Saharan Africa (excluding high income),SSA,2512.301851,2377.338331,3038.601861,3120.155128,3136.574026,3225.858814,3292.821886,3326.039896,3403.906493,3476.863681,3497.287982,3456.932873
"GDP per capita, PPP (constant 2011 international $)",NY.GDP.PCAP.PP.KD,Upper middle income,UMC,5997.783924,7226.028301,10822.64973,11392.1835,11536.95328,12320.00847,13002.5153,13599.83113,14186.82626,14703.16274,15125.58535,15669.1344
"GDP per capita, PPP (constant 2011 international $)",NY.GDP.PCAP.PP.KD,World,WLD,8925.589983,10345.60223,12671.50753,12873.9764,12669.07709,13175.93399,13555.67622,13838.01198,14137.54695,14462.38813,14778.02574,15080.37928
"GDP per capita, PPP (constant 2011 international $)",NY.GDP.PCAP.PP.KD,Afghanistan,AFG,,,1284.775213,1298.143159,1531.173993,1614.255001,1660.739856,1839.273579,1848.700026,1838.960244,1809.016488,1802.695565
"GDP per capita, PPP (constant 2011 international $)",NY.GDP.PCAP.PP.KD,Albania,ALB,4722.838166,5668.574777,8754.569513,9153.788206,9524.649303,9927.181841,10207.7647,10369.82338,10492.80628,10701.12079,10970.45224,11356.34133
"GDP per capita, PPP (constant 2011 international $)",NY.GDP.PCAP.PP.KD,Algeria,DZA,10236.84066,10211.00186,12570.6547,12660.40324,12647.5403,12870.6027,12990.34502,13161.96167,13253.61548,13483.33786,13724.72385,13921.18002
"GDP per capita, PPP (constant 2011 international $)",NY.GDP.PCAP.PP.KD,American Samoa,ASM,,,,,,,,,,,,
"GDP per capita, PPP (constant 2011 international $)",NY.GDP.PCAP.PP.KD,Andorra,AND,,,,,,,,,,,,
"GDP per capita, PPP (constant 2011 international $)",NY.GDP.PCAP.PP.KD,Angola,AGO,3430.798427,2873.19301,5443.117933,5978.323249,5908.042248,5897.682841,5911.254092,5999.902106,6188.003756,6257.152874,6227.664689,5972.451513
"GDP per capita, PPP (constant 2011 international $)",NY.GDP.PCAP.PP.KD,Antigua and Barbuda,ATG,16381.01836,18908.49435,24408.18152,24111.37708,20942.30118,19212.72013,18605.31675,19047.20024,18823.75445,19573.83412,20154.94749,21013.01763
"GDP per capita, PPP (constant 2011 international $)",NY.GDP.PCAP.PP.KD,Argentina,ARG,10815.71512,14899.87005,17900.70634,18436.86247,17168.37894,18712.06308,19629.35185,19224.8744,19482.1903,18797.54795,19116.90791,18584.58
"GDP per capita, PPP (constant 2011 international $)",NY.GDP.PCAP.PP.KD,Armenia,ARM,3742.437371,2924.74738,7010.627056,7558.361648,6532.964231,6702.848006,7022.103943,7511.132482,7727.929092,7971.117928,8195.93365,8190.239289
"GDP per capita, PPP (constant 2011 international $)",NY.GDP.PCAP.PP.KD,Aruba,ABW,,,,,,,35973.78051,,,,,
"GDP per capita, PPP (constant 2011 international $)",NY.GDP.PCAP.PP.KD,Australia,AUS,28658.36589,35377.72955,40680.18963,41331.52797,41266.86638,41464.04007,41894.17305,42754.45629,43118.08613,43547.19748,43923.25827,44493.48089
"GDP per capita, PPP (constant 2011 international $)",NY.GDP.PCAP.PP.KD,Austria,AUT,31341.90238,38844.40471,43939.42529,44441.78853,42656.85416,43336.19785,44452.73275,44551.61757,44301.10403,44320.50201,44304.96776,44464.35027
"GDP per capita, PPP (constant 2011 international $)",NY.GDP.PCAP.PP.KD,Azerbaijan,AZE,8513.310693,4458.998423,13243.21286,14364.99423,15393.89329,15950.25746,15754.15236,15888.218,16593.18876,16715.10552,16698.86365,16001.3234
"GDP per capita, PPP (constant 2011 international $)",NY.GDP.PCAP.PP.KD,"Bahamas, The",BHS,30991.96834,32990.76145,32409.68704,31080.15801,29263.80325,29221.99118,28941.02823,29395.61972,28871.35826,28456.81653,28407.12582,27613.51794
"GDP per capita, PPP (constant 2011 international $)",NY.GDP.PCAP.PP.KD,Bahrain,BHR,35113.33294,44942.36902,42755.4262,42218.14849,40717.18041,40570.53569,40164.58274,40960.33318,42680.20134,43837.34406,43926.47404,43642.97257
"GDP per capita, PPP (constant 2011 international $)",NY.GDP.PCAP.PP.KD,Bangladesh,BGD,1287.933664,1641.958768,2148.473993,2252.168733,2339.865769,2442.728888,2570.850145,2706.586745,2835.76662,2973.041565,3132.56754,3319.352805
"GDP per capita, PPP (constant 2011 international $)",NY.GDP.PCAP.PP.KD,Barbados,BRB,14434.32932,15467.82067,17244.75307,17189.23225,16433.45664,16417.96245,16472.0832,16463.765,16409.91709,16359.19074,16458.10353,16741.37976
"GDP per capita, PPP (constant 2011 international $)",NY.GDP.PCAP.PP.KD,Belarus,BLR,8353.906165,7562.883999,13539.60277,14972.26946,15035.69965,16235.17145,17166.69564,17479.9294,17656.11934,17944.20985,17229.55519,16773.19355
"GDP per capita, PPP (constant 2011 international $)",NY.GDP.PCAP.PP.KD,Belgium,BEL,30647.82135,37188.64369,41623.44174,41619.34008,40355.57312,41085.91894,41248.72534,41046.48119,40928.13661,41360.39558,41708.21234,42083.6443
"GDP per capita, PPP (constant 2011 international $)",NY.GDP.PCAP.PP.KD,Belize,BLZ,5165.86722,6960.676754,7902.772467,7951.197453,7809.849846,7876.809586,7857.248066,7974.034168,7856.379109,7999.573692,8127.659294,7919.147241
"GDP per capita, PPP (constant 2011 international $)",NY.GDP.PCAP.PP.KD,Benin,BEN,1462.677421,1666.467464,1805.622568,1841.188447,1831.881827,1818.778461,1820.894693,1855.953118,1934.649107,2001.077289,1987.14192,2009.618321
"GDP per capita, PPP (constant 2011 international $)",NY.GDP.PCAP.PP.KD,Bermuda,BMU,40553.25852,51140.23684,60117.45991,60675.98209,57151.91913,56395.0078,54984.51039,52137.30037,50669.31477,,,
"GDP per capita, PPP (constant 2011 international $)",NY.GDP.PCAP.PP.KD,Bhutan,BTN,2325.241884,3538.773616,5446.362486,5592.162848,5851.678019,6419.675599,6805.878456,7032.74666,7070.792468,7366.424126,7743.337996,8253.293783
"GDP per capita, PPP (constant 2011 international $)",NY.GDP.PCAP.PP.KD,Bolivia,BOL,3707.24493,4412.255566,4972.49627,5191.131904,5278.038268,5407.47022,5598.508445,5792.933051,6090.69557,6324.827258,6531.519398,6707.956184
"GDP per capita, PPP (constant 2011 international $)",NY.GDP.PCAP.PP.KD,Bosnia and Herzegovina,BIH,,6324.924675,9278.973885,9824.105697,9573.738874,9720.342177,9901.610202,9929.707283,10284.78455,10516.78644,10932.45948,11337.57026
"GDP per capita, PPP (constant 2011 international $)",NY.GDP.PCAP.PP.KD,Botswana,BWA,8110.440465,10410.70268,13175.17963,13768.33844,12499.4074,13334.1988,13889.27047,14244.49431,15568.27337,15914.67023,15356.77092,15727.1678
"GDP per capita, PPP (constant 2011 international $)",NY.GDP.PCAP.PP.KD,Brazil,BRA,10344.86439,11370.97094,13268.4139,13802.81799,13649.86584,14537.56719,14973.09847,15119.91214,15432.89363,15374.26151,14702.59127,14077.12141
"GDP per capita, PPP (constant 2011 international $)",NY.GDP.PCAP.PP.KD,British Virgin Islands,VGB,,,,,,,,,,,,
"GDP per capita, PPP (constant 2011 international $)",NY.GDP.PCAP.PP.KD,Brunei Darussalam,BRN,84672.3915,82049.58086,84503.53876,81905.65813,79512.75501,80552.86447,82434.88309,81993.93208,79070.24593,76089.28657,74600.1643,71788.78339
"GDP per capita, PPP (constant 2011 international $)",NY.GDP.PCAP.PP.KD,Bulgaria,BGR,9296.952206,8833.446566,14463.18326,15442.15174,14984.60638,15283.29148,15676.15054,15772.09659,15997.3568,16302.32056,17000.17804,17794.54276
"GDP per capita, PPP (constant 2011 international $)",NY.GDP.PCAP.PP.KD,Burkina Faso,BFA,844.3421676,1075.395337,1338.838375,1393.696993,1392.200194,1423.377706,1472.716482,1521.454295,1562.304708,1582.333697,1596.334581,1642.322003
"GDP per capita, PPP (constant 2011 international $)",NY.GDP.PCAP.PP.KD,Burundi,BDI,1087.488728,754.0962802,747.6764747,759.3399325,760.0617234,763.8319302,771.5094237,778.7354836,790.7145176,803.1728374,748.4152713,721.1765615
"GDP per capita, PPP (constant 2011 international $)",NY.GDP.PCAP.PP.KD,Cape Verde,CPV,1656.907503,3835.238606,5633.93311,5944.038825,5806.646232,5828.241588,5991.77849,5986.939054,5963.907977,5928.199025,5915.122633,6065.27874
"GDP per capita, PPP (constant 2011 international $)",NY.GDP.PCAP.PP.KD,Cambodia,KHM,,1384.956024,2332.726846,2452.278159,2417.876281,2522.926825,2658.709247,2807.007055,2964.19717,3124.319293,3290.952454,3465.125565
"GDP per capita, PPP (constant 2011 international $)",NY.GDP.PCAP.PP.KD,Cameroon,CMR,3020.491911,2603.771592,2907.826607,2927.844648,2911.296669,2929.829113,2969.047575,3021.20597,3100.17131,3196.361526,3289.064546,3346.817793
"GDP per capita, PPP (constant 2011 international $)",NY.GDP.PCAP.PP.KD,Canada,CAN,31299.65457,37431.91698,41647.38781,41611.25081,39924.1959,40699.35513,41565.27122,41794.53892,42339.37888,43079.14252,43149.47584,43238.2596
"GDP per capita, PPP (constant 2011 international $)",NY.GDP.PCAP.PP.KD,Cayman Islands,CYM,,,,,,,49903.02854,,,,,
"GDP per capita, PPP (constant 2011 international $)",NY.GDP.PCAP.PP.KD,Central African Republic,CAF,925.0538529,813.0415579,857.0792965,860.6778285,863.692983,881.1445508,904.6104858,938.8237795,593.0559545,597.135169,621.5698429,642.873494
"GDP per capita, PPP (constant 2011 international $)",NY.GDP.PCAP.PP.KD,Chad,TCD,1110.43798,993.1829822,1741.487056,1736.919173,1752.119931,1925.195118,1863.845605,1962.87773,2007.077319,2076.650008,2067.101322,1878.378483
"GDP per capita, PPP (constant 2011 international $)",NY.GDP.PCAP.PP.KD,Channel Islands,CHI,,,,,,,,,,,,
"GDP per capita, PPP (constant 2011 international $)",NY.GDP.PCAP.PP.KD,Chile,CHL,8991.846477,14315.42606,18572.56839,19031.61643,18547.46153,19442.05032,20437.70453,21330.23991,21998.30715,22195.27437,22516.60786,22614.39367
"GDP per capita, PPP (constant 2011 international $)",NY.GDP.PCAP.PP.KD,China,CHN,1526.408699,3700.743648,7285.274415,7947.787952,8651.725901,9525.818483,10384.3666,11145.75158,11951.24796,12758.64779,13569.89153,14400.88506
"GDP per capita, PPP (constant 2011 international $)",NY.GDP.PCAP.PP.KD,Colombia,COL,7533.518385,8308.22295,10306.94749,10547.26039,10599.9626,10900.50528,11496.47771,11840.24043,12296.29554,12715.96739,12985.38313,13135.0099
"GDP per capita, PPP (constant 2011 international $)",NY.GDP.PCAP.PP.KD,Comoros,COM,1599.95155,1480.917674,1451.421611,1422.622349,1415.84569,1412.502687,1414.611723,1422.229487,1437.004907,1432.088748,1413.059277,1411.152339
"GDP per capita, PPP (constant 2011 international $)",NY.GDP.PCAP.PP.KD,"Congo, Dem. Rep.",COD,1386.830748,573.1708503,623.1286665,640.4783066,637.2751488,660.2109558,682.4321554,706.7979638,741.6184302,785.3473407,812.4033701,805.0642641
"GDP per capita, PPP (constant 2011 international $)",NY.GDP.PCAP.PP.KD,"Congo, Rep.",COG,5140.416146,4480.147677,4637.212916,4730.033797,4918.072012,5186.344788,5213.946921,5271.16806,5317.086292,5538.052941,5542.892982,5250.867608
"GDP per capita, PPP (constant 2011 international $)",NY.GDP.PCAP.PP.KD,Costa Rica,CRI,7787.161762,9878.288691,12433.2016,12834.93616,12543.9779,12999.99219,13397.23054,13878.0474,14035.28798,14372.40078,14738.60762,15195.00141
"GDP per capita, PPP (constant 2011 international $)",NY.GDP.PCAP.PP.KD,Cote d'Ivoire,CIV,3193.758531,2947.606573,2662.331114,2672.337082,2698.554349,2690.258002,2511.420195,2712.378026,2879.850217,3054.534874,3241.612056,3424.964021
"GDP per capita, PPP (constant 2011 international $)",NY.GDP.PCAP.PP.KD,Croatia,HRV,,15742.41369,21560.53096,22010.65051,20410.42415,20171.95753,20750.44332,20346.75535,20271.28013,20334.44647,20983.98528,21799.93281
"GDP per capita, PPP (constant 2011 international $)",NY.GDP.PCAP.PP.KD,Cuba,CUB,,,,,,,,,,,,
"GDP per capita, PPP (constant 2011 international $)",NY.GDP.PCAP.PP.KD,Curacao,CUW,,,,,,,,,,,,
"GDP per capita, PPP (constant 2011 international $)",NY.GDP.PCAP.PP.KD,Cyprus,CYP,23300.67477,30085.77412,35502.95597,35960.35272,34387.34837,33941.13802,33192.37985,31690.70277,29879.56721,29786.17439,30549.10097,31331.393
"GDP per capita, PPP (constant 2011 international $)",NY.GDP.PCAP.PP.KD,Czech Republic,CZE,20023.13599,21193.90171,28844.06719,29373.10923,27803.58716,28352.9494,28797.41796,28527.13873,28379.74612,29119.61661,30605.42052,31338.87521
"GDP per capita, PPP (constant 2011 international $)",NY.GDP.PCAP.PP.KD,Denmark,DNK,33785.65014,42337.71437,46373.51666,45865.79596,43382.62546,43998.43667,44403.39415,44336.81246,44564.45216,45057.07417,45458.69715,45991.22478
"GDP per capita, PPP (constant 2011 international $)",NY.GDP.PCAP.PP.KD,Djibouti,DJI,,,,,,,2705.405589,,,,,
"GDP per capita, PPP (constant 2011 international $)",NY.GDP.PCAP.PP.KD,Dominica,DMA,6730.022762,8175.435071,9634.767146,10302.8277,10160.15211,10198.27337,10135.27403,9981.101135,9871.672665,10255.21705,9941.894925,10151.34256
"GDP per capita, PPP (constant 2011 international $)",NY.GDP.PCAP.PP.KD,Dominican Republic,DOM,5477.061465,8200.378427,10271.22129,10455.48321,10412.601,11132.55269,11333.54709,11494.94971,11907.20486,12663.04225,13395.9168,14120.21164
"GDP per capita, PPP (constant 2011 international $)",NY.GDP.PCAP.PP.KD,Ecuador,ECU,7472.025128,7387.615879,8879.636854,9285.864407,9183.552558,9352.344237,9926.903441,10322.1789,10665.46258,10901.41856,10749.12887,10424.26415
"GDP per capita, PPP (constant 2011 international $)",NY.GDP.PCAP.PP.KD,"Egypt, Arab Rep.",EGY,5909.161575,7388.356411,8838.524796,9305.414955,9561.847569,9857.468282,9823.823287,9822.420181,9814.21213,9879.799359,10095.61017,10324.10114
"GDP per capita, PPP (constant 2011 international $)",NY.GDP.PCAP.PP.KD,El Salvador,SLV,4544.585408,5656.242809,6253.15152,6358.132981,6198.304499,6300.775388,6511.443727,6663.811622,6789.860003,6890.723224,7019.591789,7164.143497
"GDP per capita, PPP (constant 2011 international $)",NY.GDP.PCAP.PP.KD,Equatorial Guinea,GNQ,999.5045346,10792.73302,35570.72507,40015.81919,38738.15203,33723.3658,34363.15291,35632.04564,32736.09743,31542.51077,27554.19987,24240.4283
"GDP per capita, PPP (constant 2011 international $)",NY.GDP.PCAP.PP.KD,Eritrea,ERI,,1679.147143,1563.488302,1384.103605,1411.841397,1416.365802,1510.458929,,,,,1510.458929
"GDP per capita, PPP (constant 2011 international $)",NY.GDP.PCAP.PP.KD,Estonia,EST,,15703.02747,27383.46956,25968.97281,22187.9264,22740.972,24543.06747,25691.99964,26282.90884,27113.68592,27549.58137,28109.81704
"GDP per capita, PPP (constant 2011 international $)",NY.GDP.PCAP.PP.KD,Eswatini,SWZ,5378.167768,5839.267051,7253.489219,7183.959074,7161.806823,7296.511119,7323.997665,7528.841673,7865.438371,7870.970748,7758.495563,7723.641059
"GDP per capita, PPP (constant 2011 international $)",NY.GDP.PCAP.PP.KD,Ethiopia,ETH,651.9530906,618.2422187,856.9948399,924.518762,979.6225122,1073.826295,1162.783317,1230.575484,1325.755137,1424.526984,1533.107632,1608.293476
"GDP per capita, PPP (constant 2011 international $)",NY.GDP.PCAP.PP.KD,Faroe Islands,FRO,,,,,,,,,,,,
"GDP per capita, PPP (constant 2011 international $)",NY.GDP.PCAP.PP.KD,Fiji,FJI,5891.290081,6673.847391,7383.264069,7384.086057,7208.005111,7352.08836,7488.829381,7537.926213,7839.874778,8222.253784,8477.64473,8447.264179
"GDP per capita, PPP (constant 2011 international $)",NY.GDP.PCAP.PP.KD,Finland,FIN,28905.57032,34887.1788,42467.261,42574.64114,38867.79945,39848.1345,40683.52758,39912.94136,39428.31206,39017.53721,38941.7636,39659.16604
"GDP per capita, PPP (constant 2011 international $)",NY.GDP.PCAP.PP.KD,France,FRA,29514.85381,34880.88182,37755.29451,37618.20734,36324.36154,36855.84468,37440.64149,37327.9444,37350.27827,37523.72758,37766.37411,38062.63973
"GDP per capita, PPP (constant 2011 international $)",NY.GDP.PCAP.PP.KD,French Polynesia,PYF,,,,,,,,,,,,
"GDP per capita, PPP (constant 2011 international $)",NY.GDP.PCAP.PP.KD,Gabon,GAB,19500.92869,17782.69815,16312.57632,15288.14489,14822.39055,15355.78465,15893.54772,16159.72185,16503.06836,16678.63813,16836.78342,16756.69447
"GDP per capita, PPP (constant 2011 international $)",NY.GDP.PCAP.PP.KD,"Gambia, The",GMB,1506.404687,1549.585721,1507.698583,1544.52974,1593.016555,1644.242366,1524.768774,1560.330276,1584.753591,1550.218432,1568.036025,1554.897138
"GDP per capita, PPP (constant 2011 international $)",NY.GDP.PCAP.PP.KD,Georgia,GEO,8006.504234,3263.859262,6183.343492,6408.060335,6254.867608,6733.783761,7315.090898,7881.329048,8254.010766,8749.156189,9025.133143,9276.766245
"GDP per capita, PPP (constant 2011 international $)",NY.GDP.PCAP.PP.KD,Germany,DEU,31287.06981,36764.56293,40473.52745,40989.44311,38784.45248,40428.72103,42692.51976,42822.0994,42914.47611,43560.61924,43937.94713,44431.82284
"GDP per capita, PPP (constant 2011 international $)",NY.GDP.PCAP.PP.KD,Ghana,GHA,1919.601511,2259.063142,2675.443544,2845.234552,2907.546933,3059.383626,3404.459566,3632.44568,3807.342653,3868.600894,3926.709045,3982.769467
"GDP per capita, PPP (constant 2011 international $)",NY.GDP.PCAP.PP.KD,Gibraltar,GIB,,,,,,,,,,,,
"GDP per capita, PPP (constant 2011 international $)",NY.GDP.PCAP.PP.KD,Greece,GRC,20686.13676,24839.07591,32073.9604,31881.71235,30430.41942,28726.07928,26141.31959,24364.26906,23746.08457,24081.63054,24170.30184,24211.74089
"GDP per capita, PPP (constant 2011 international $)",NY.GDP.PCAP.PP.KD,Greenland,GRL,,,,,,,,,,,,
"GDP per capita, PPP (constant 2011 international $)",NY.GDP.PCAP.PP.KD,Grenada,GRD,7241.559208,9651.488815,12043.5899,12117.64806,11276.48656,11177.99972,11220.82837,11048.50429,11262.6988,12038.47087,12757.96625,13167.05216
"GDP per capita, PPP (constant 2011 international $)",NY.GDP.PCAP.PP.KD,Guam,GUM,,,,,,,,,,,,
"GDP per capita, PPP (constant 2011 international $)",NY.GDP.PCAP.PP.KD,Guatemala,GTM,5100.779193,6070.72006,6713.146445,6781.899637,6669.999875,6714.063596,6844.49564,6899.108739,7005.026928,7147.429228,7292.719104,7368.610322
"GDP per capita, PPP (constant 2011 international $)",NY.GDP.PCAP.PP.KD,Guinea,GIN,1411.948921,1420.633253,1558.541551,1587.41529,1534.97162,1573.544958,1625.560273,1684.153841,1711.708994,1734.736747,1758.315595,1894.441299
"GDP per capita, PPP (constant 2011 international $)",NY.GDP.PCAP.PP.KD,Guinea-Bissau,GNB,1573.87189,1363.340995,1350.202744,1360.632824,1372.54239,1400.363293,1475.38909,1412.954212,1421.34057,1398.254806,1446.489402,1498.839838
"GDP per capita, PPP (constant 2011 international $)",NY.GDP.PCAP.PP.KD,Guyana,GUY,2843.143276,4521.902893,5308.387985,5424.595121,5621.963301,5847.857255,6130.837616,6420.114762,6696.783715,6906.012309,7076.935019,7266.335285
"GDP per capita, PPP (constant 2011 international $)",NY.GDP.PCAP.PP.KD,Haiti,HTI,,1739.39252,1599.802401,1588.677968,1613.087962,1502.032711,1562.278874,1584.832466,1629.358918,1652.854803,1651.228445,1654.170537
"GDP per capita, PPP (constant 2011 international $)",NY.GDP.PCAP.PP.KD,Honduras,HND,3171.671357,3328.510589,4002.205166,4084.298699,3904.459519,3971.182994,4046.076252,4136.822058,4177.580271,4231.325067,4319.470118,4406.773532
"GDP per capita, PPP (constant 2011 international $)",NY.GDP.PCAP.PP.KD,"Hong Kong SAR, China",HKG,26974.16489,34016.64226,45937.39283,46635.08799,45390.45286,48107.70863,50085.95933,50378.33792,51732.44253,52789.42536,53591.83582,54412.92494
"GDP per capita, PPP (constant 2011 international $)",NY.GDP.PCAP.PP.KD,Hungary,HUN,,17951.73552,23491.74789,23734.24453,22202.15702,22404.2392,22841.21034,22582.07281,23119.01697,24161.42552,25034.45073,25664.136
"GDP per capita, PPP (constant 2011 international $)",NY.GDP.PCAP.PP.KD,Iceland,ISL,,34044.64902,43427.85293,43334.90052,40377.83351,38978.0056,39621.93566,39931.60936,41259.79596,41701.13727,43048.12515,45630.93817
"GDP per capita, PPP (constant 2011 international $)",NY.GDP.PCAP.PP.KD,India,IND,1754.85733,2495.046633,3698.77749,3786.632677,4049.805115,4404.697005,4635.879137,4827.559656,5073.605489,5385.141814,5756.664665,6095.722796
"GDP per capita, PPP (constant 2011 international $)",NY.GDP.PCAP.PP.KD,Indonesia,IDN,4625.37726,5805.808706,7450.602158,7792.629931,8044.97033,8433.497357,8837.820122,9251.175537,9643.27483,10003.08903,10367.70199,10766.37145
"GDP per capita, PPP (constant 2011 international $)",NY.GDP.PCAP.PP.KD,"Iran, Islamic Rep.",IRN,11392.56363,13135.47202,17338.12648,17187.28763,17162.05336,17942.83284,18192.1056,16625.91922,16383.26035,16924.20068,16500.90051,18497.67433
"GDP per capita, PPP (constant 2011 international $)",NY.GDP.PCAP.PP.KD,Iraq,IRQ,11521.73054,12176.81465,11575.28738,12217.44846,12299.40046,12717.59753,13261.60145,14625.97401,15223.58271,14838.38295,15072.86867,16242.06902
"GDP per capita, PPP (constant 2011 international $)",NY.GDP.PCAP.PP.KD,Ireland,IRL,21453.2404,38849.86076,48937.49415,46062.62864,43487.47903,44030.41415,45147.37624,44973.17526,45470.15851,48898.32866,60818.04624,63227.20798
"GDP per capita, PPP (constant 2011 international $)",NY.GDP.PCAP.PP.KD,Isle of Man,IMN,,,,,,,,,,,,
"GDP per capita, PPP (constant 2011 international $)",NY.GDP.PCAP.PP.KD,Israel,ISR,20520.4105,26824.70512,28744.35656,29082.06885,28787.49869,29743.00587,30558.39128,30582.15371,31250.80201,31702.08354,32024.35277,32688.4081
"GDP per capita, PPP (constant 2011 international $)",NY.GDP.PCAP.PP.KD,Italy,ITA,31141.90286,36535.81877,38612.01165,37954.16066,35710.42,36201.16157,36347.34248,35227.62483,34219.83278,33945.84388,34302.0374,34655.26276
"GDP per capita, PPP (constant 2011 international $)",NY.GDP.PCAP.PP.KD,Jamaica,JAM,7285.747238,7931.258686,8680.920903,8565.228626,8153.001926,7996.019488,8099.155573,8016.04319,8025.471361,8051.244028,8095.261867,8179.62034
"GDP per capita, PPP (constant 2011 international $)",NY.GDP.PCAP.PP.KD,Japan,JPN,30582.42797,33871.85822,36697.2409,36278.36947,34317.67082,35749.75668,35774.69671,36367.59706,37148.60275,37337.31741,37882.98062,38282.50467
"GDP per capita, PPP (constant 2011 international $)",NY.GDP.PCAP.PP.KD,Jordan,JOR,6283.255604,7234.964751,9493.477498,9714.782337,9749.143628,9472.768326,9214.206624,8964.263431,8756.710839,8622.185468,8491.050311,8389.604574
"GDP per capita, PPP (constant 2011 international $)",NY.GDP.PCAP.PP.KD,Kazakhstan,KAZ,13050.4865,9951.563906,18885.24324,19272.21401,18995.89485,20096.55976,21276.93402,21986.31892,22972.43103,23587.33752,23524.06044,23447.0157
"GDP per capita, PPP (constant 2011 international $)",NY.GDP.PCAP.PP.KD,Kenya,KEN,2380.495384,2132.161897,2394.837644,2335.252407,2347.197992,2476.010742,2556.962872,2602.597687,2683.045833,2753.236135,2835.99661,2926.532502
"GDP per capita, PPP (constant 2011 international $)",NY.GDP.PCAP.PP.KD,Kiribati,KIR,1961.120713,2007.130484,1905.481251,1829.829439,1796.298077,1731.538627,1706.480953,1762.060349,1830.937792,1815.128315,1967.302051,1955.155799
"GDP per capita, PPP (constant 2011 international $)",NY.GDP.PCAP.PP.KD,"Korea, Dem. People’s Rep.",PRK,,,,,,,,,,,,
"GDP per capita, PPP (constant 2011 international $)",NY.GDP.PCAP.PP.KD,"Korea, Rep.",KOR,11632.59856,20756.7799,28013.70442,28588.37212,28642.8379,30352.10482,31228.5107,31776.89703,32548.71552,33425.68959,34177.65447,35020.41151
"GDP per capita, PPP (constant 2011 international $)",NY.GDP.PCAP.PP.KD,Kosovo,XKX,,4622.773066,7390.074096,7524.844206,7714.092433,7905.638414,8215.22394,8386.589965,8584.475807,8698.291559,9154.943527,9451.90894
"GDP per capita, PPP (constant 2011 international $)",NY.GDP.PCAP.PP.KD,Kuwait,KWT,,69920.17568,96870.42782,93698.4616,81922.53712,75204.14512,77459.53831,77618.00034,74084.52144,70832.36836,68476.32504,68861.7921
"GDP per capita, PPP (constant 2011 international $)",NY.GDP.PCAP.PP.KD,Kyrgyz Republic,KGZ,3474.667969,2074.505287,2599.206018,2790.9349,2837.031419,2790.170664,2920.60321,2869.838962,3120.542044,3181.642163,3237.602937,3309.859929
"GDP per capita, PPP (constant 2011 international $)",NY.GDP.PCAP.PP.KD,Laos,LAO,1708.034226,2485.025142,3520.745005,3732.007533,3946.861002,4218.782044,4495.15215,4794.108611,5115.592478,5436.482643,5755.059505,6073.223695
"GDP per capita, PPP (constant 2011 international $)",NY.GDP.PCAP.PP.KD,Latvia,LVA,,11175.15329,21939.07435,21384.31346,18609.33284,18251.95328,19773.38372,20827.9116,21563.72143,22172.25351,23018.81611,23743.25782
"GDP per capita, PPP (constant 2011 international $)",NY.GDP.PCAP.PP.KD,Lebanon,LBN,7857.72417,12531.82228,13293.12842,14597.62576,15788.40732,16451.75983,15693.68728,15057.28703,14400.6408,13831.37523,13352.71339,13267.8857
"GDP per capita, PPP (constant 2011 international $)",NY.GDP.PCAP.PP.KD,Lesotho,LSO,1379.399899,1781.183614,2105.497115,2227.571688,2253.833856,2365.683461,2500.014871,2617.302097,2631.004823,2677.198078,2708.148539,2736.354895
"GDP per capita, PPP (constant 2011 international $)",NY.GDP.PCAP.PP.KD,Liberia,LBR,875.1895802,838.6989396,656.871762,674.9848368,683.0614422,699.6537215,734.3262738,771.9054262,818.5893908,804.7198867,785.2468867,753.557379
"GDP per capita, PPP (constant 2011 international $)",NY.GDP.PCAP.PP.KD,Libya,LBY,,21921.55202,28621.6269,28983.51723,28435.18422,29630.22215,11192.79064,24956.37515,21570.27049,16371.90215,14847.19705,14298.45505
"GDP per capita, PPP (constant 2011 international $)",NY.GDP.PCAP.PP.KD,Liechtenstein,LIE,,,,,,,,,,,,
"GDP per capita, PPP (constant 2011 international $)",NY.GDP.PCAP.PP.KD,Lithuania,LTU,,12189.96218,22729.21361,23567.70271,20300.50375,21070.63433,22854.33217,24049.35398,25143.91511,26258.2101,27045.71302,28033.87393
"GDP per capita, PPP (constant 2011 international $)",NY.GDP.PCAP.PP.KD,Luxembourg,LUX,57618.0207,81689.8164,97864.1951,94900.34672,89098.73424,91743.29389,92005.01684,89505.15896,90656.38042,93655.33416,94088.59223,94920.95872
"GDP per capita, PPP (constant 2011 international $)",NY.GDP.PCAP.PP.KD,"Macao SAR, China",MAC,40365.34557,42225.49708,79743.38201,80762.39969,80121.22302,98184.3365,116752.2116,124568.5999,135318.7544,130755.1607,100444.5936,97751.73216
"GDP per capita, PPP (constant 2011 international $)",NY.GDP.PCAP.PP.KD,"Macedonia, FYR",MKD,9633.199073,8620.649199,10480.62426,11043.82773,10995.10179,11355.36749,11611.85199,11549.66814,11877.77368,12298.49018,12759.8166,13120.87251
"GDP per capita, PPP (constant 2011 international $)",NY.GDP.PCAP.PP.KD,Madagascar,MDG,1653.1589,1444.029429,1462.858323,1523.019873,1421.188472,1385.685072,1367.543082,1370.950275,1364.345909,1372.020961,1377.168213,1396.669615
"GDP per capita, PPP (constant 2011 international $)",NY.GDP.PCAP.PP.KD,Malawi,MWI,744.1970806,865.957498,908.3108489,948.2265195,996.2452685,1032.962881,1051.185996,1039.759359,1062.164941,1090.367208,1088.701805,1083.801421
"GDP per capita, PPP (constant 2011 international $)",NY.GDP.PCAP.PP.KD,Malaysia,MYS,10551.65896,16310.09276,20093.26869,20687.13112,20009.19928,21107.26794,21818.87569,22590.79152,23224.18844,24194.63391,25001.61267,25668.88436
"GDP per capita, PPP (constant 2011 international $)",NY.GDP.PCAP.PP.KD,Maldives,MDV,,9768.22998,11951.81411,12744.78319,11508.40226,12005.50462,12664.99068,12611.58587,13148.73197,13737.41416,13705.00535,14231.53415
"GDP per capita, PPP (constant 2011 international $)",NY.GDP.PCAP.PP.KD,Mali,MLI,1271.794077,1462.919767,1784.878485,1808.887626,1832.808081,1871.984744,1874.70303,1804.942604,1793.723666,1865.160622,1919.228421,1971.08448
"GDP per capita, PPP (constant 2011 international $)",NY.GDP.PCAP.PP.KD,Malta,MLT,16176.49077,24623.95372,27696.50573,28437.73786,27529.19297,28364.79932,28618.50259,29131.73091,30050.13114,31846.18954,34087.08151,35058.43078
"GDP per capita, PPP (constant 2011 international $)",NY.GDP.PCAP.PP.KD,Marshall Islands,MHL,2907.880972,2893.836644,3396.818863,3335.763023,3274.794201,3479.155303,3513.291213,3626.424778,3720.958116,3685.462574,3665.375373,3730.333989
"GDP per capita, PPP (constant 2011 international $)",NY.GDP.PCAP.PP.KD,Mauritania,MRT,2806.73383,2751.155549,3448.64871,3388.835433,3259.07635,3316.97478,3371.994582,3462.56176,3565.521999,3655.388509,3601.614223,3572.280392
"GDP per capita, PPP (constant 2011 international $)",NY.GDP.PCAP.PP.KD,Mauritius,MUS,7386.824387,11077.14762,14146.39842,14854.64338,15306.38801,15938.41921,16561.77098,17093.32093,17628.82937,18255.86972,18864.10566,19567.48966
"GDP per capita, PPP (constant 2011 international $)",NY.GDP.PCAP.PP.KD,Mexico,MEX,13070.44455,15682.81217,16371.75155,16293.0313,15185.53739,15715.97214,16049.36424,16394.63067,16385.05961,16622.59705,16938.60541,17206.63432
"GDP per capita, PPP (constant 2011 international $)",NY.GDP.PCAP.PP.KD,"Micronesia, Fed. Sts.",FSM,2721.056867,3119.115444,3221.063128,3167.71663,3220.976301,3297.656934,3412.906554,3343.876355,3208.682874,3130.05445,3271.267021,3253.479755
"GDP per capita, PPP (constant 2011 international $)",NY.GDP.PCAP.PP.KD,Moldova,MDA,,2321.027796,3588.621318,3875.904364,3647.9523,3910.860533,4179.214809,4150.504763,4541.868222,4762.780873,4746.784911,4963.398344
"GDP per capita, PPP (constant 2011 international $)",NY.GDP.PCAP.PP.KD,Monaco,MCO,,,,,,,,,,,,
"GDP per capita, PPP (constant 2011 international $)",NY.GDP.PCAP.PP.KD,Mongolia,MNG,5122.531607,4655.022604,7055.138106,7576.481363,7367.785987,7708.599994,8881.48475,9788.825022,10720.06215,11348.64734,11411.94211,11361.00642
"GDP per capita, PPP (constant 2011 international $)",NY.GDP.PCAP.PP.KD,Montenegro,MNE,,10396.79008,13602.58797,14559.21315,13686.10006,14034.58456,14472.47354,14066.4356,14551.44671,14796.6354,15289.72119,15737.02492
"GDP per capita, PPP (constant 2011 international $)",NY.GDP.PCAP.PP.KD,Morocco,MAR,3912.005724,4483.808406,5834.012241,6106.845445,6287.870644,6443.253613,6688.402606,6791.335135,6995.938186,7078.881489,7296.934401,7285.908321
"GDP per capita, PPP (constant 2011 international $)",NY.GDP.PCAP.PP.KD,Mozambique,MOZ,378.5342735,561.6127534,826.162668,857.5268817,885.7385176,917.763832,954.7991162,994.1248942,1034.589423,1079.823866,1118.222844,1127.347264
"GDP per capita, PPP (constant 2011 international $)",NY.GDP.PCAP.PP.KD,Myanmar,MMR,742.9708935,1306.443236,2840.44801,3112.239736,3418.408661,3721.21144,3898.414627,4148.698196,4457.901329,4770.012099,5056.859041,5305.047137
"GDP per capita, PPP (constant 2011 international $)",NY.GDP.PCAP.PP.KD,Namibia,NAM,5719.281973,6106.108164,8097.550854,8207.70498,8113.874117,8460.847368,8721.255524,8967.163152,9255.656532,9617.396957,9975.12547,9825.59927
"GDP per capita, PPP (constant 2011 international $)",NY.GDP.PCAP.PP.KD,Nauru,NRU,,,3984.034709,5384.922346,5852.417099,6592.436836,7339.304367,7905.088755,10078.39136,12561.44634,12270.29759,12950.52898
"GDP per capita, PPP (constant 2011 international $)",NY.GDP.PCAP.PP.KD,Nepal,NPL,1197.947803,1539.718672,1760.945708,1850.025041,1914.705969,1985.980341,2031.087465,2103.353638,2163.950489,2266.184298,2314.274881,2297.652539
"GDP per capita, PPP (constant 2011 international $)",NY.GDP.PCAP.PP.KD,Netherlands,NLD,32090.21105,41721.69405,46527.61839,47134.30299,45125.80592,45524.66214,46066.65241,45411.35235,45191.48625,45668.44147,46494.36426,47269.63295
"GDP per capita, PPP (constant 2011 international $)",NY.GDP.PCAP.PP.KD,New Caledonia,NCL,,,,,,,,,,,,
"GDP per capita, PPP (constant 2011 international $)",NY.GDP.PCAP.PP.KD,New Zealand,NZL,23671.27301,27620.4728,32657.58008,31881.12158,32168.77132,32119.21554,32734.53667,33369.26946,33782.10082,34455.33122,35309.82372,35776.57173
"GDP per capita, PPP (constant 2011 international $)",NY.GDP.PCAP.PP.KD,Nicaragua,NIC,3003.519024,3456.081707,4008.008361,4092.061412,3906.989107,4028.712087,4231.497518,4453.253517,4618.727191,4784.830464,4956.921298,5130.580295
"GDP per capita, PPP (constant 2011 international $)",NY.GDP.PCAP.PP.KD,Niger,NER,894.5407505,753.4295254,773.2699356,816.2362896,780.4196964,814.2409362,801.6042311,862.8663997,874.0787559,904.45673,908.1762709,917.1401159
"GDP per capita, PPP (constant 2011 international $)",NY.GDP.PCAP.PP.KD,Nigeria,NGA,3041.509363,2848.15052,4551.605434,4710.55466,4904.920946,5150.158818,5259.295504,5339.451668,5479.058339,5671.900601,5670.639443,5434.734795
"GDP per capita, PPP (constant 2011 international $)",NY.GDP.PCAP.PP.KD,Northern Mariana Islands,MNP,,,,,,,,,,,,
"GDP per capita, PPP (constant 2011 international $)",NY.GDP.PCAP.PP.KD,Norway,NOR,42813.76496,58045.06727,65083.2587,64586.1779,62698.28536,62350.41071,62145.02615,63003.4109,62896.29006,63419.31478,64008.28683,64159.54425
"GDP per capita, PPP (constant 2011 international $)",NY.GDP.PCAP.PP.KD,Oman,OMN,35042.13369,43965.96949,43034.65665,44938.94044,45635.95938,45335.85252,42121.43192,43030.17781,41924.8081,40365.27326,39873.3856,39883.95365
"GDP per capita, PPP (constant 2011 international $)",NY.GDP.PCAP.PP.KD,Pakistan,PAK,3054.953358,3494.911632,4288.331463,4273.035123,4304.469172,4283.607312,4309.763713,4367.451996,4464.090289,4576.227015,4695.699879,4857.168718
"GDP per capita, PPP (constant 2011 international $)",NY.GDP.PCAP.PP.KD,Palau,PLW,,12391.10558,13735.74105,12783.51916,12031.81041,11846.57393,12518.71303,12915.34343,12621.01929,12854.5227,14028.68062,13896.58296
"GDP per capita, PPP (constant 2011 international $)",NY.GDP.PCAP.PP.KD,Panama,PAN,7855.027176,10624.78846,14006.17277,15113.25442,15031.29923,15628.59224,17093.83998,18441.35151,19377.90562,20017.99436,20786.65969,21472.69019
"GDP per capita, PPP (constant 2011 international $)",NY.GDP.PCAP.PP.KD,Papua New Guinea,PNG,2373.519829,2744.899413,2918.71582,2841.839035,2965.226588,3191.58041,3155.403568,3230.318722,3282.463751,3709.081644,3824.729821,3817.780809
"GDP per capita, PPP (constant 2011 international $)",NY.GDP.PCAP.PP.KD,Paraguay,PRY,6036.472612,6084.791177,6568.253231,6892.409354,6531.886411,7289.51391,7504.653644,7312.40983,8227.214713,8501.54354,8639.28685,8871.37954
"GDP per capita, PPP (constant 2011 international $)",NY.GDP.PCAP.PP.KD,Peru,PER,5312.684664,6563.267935,8649.080663,9323.353938,9308.674789,9956.556637,10449.09326,10943.91927,11430.25578,11547.83422,11770.03445,12082.16801
"GDP per capita, PPP (constant 2011 international $)",NY.GDP.PCAP.PP.KD,Philippines,PHL,4010.202824,4224.113226,5181.003468,5309.442188,5284.865261,5596.837288,5707.204842,5988.804388,6306.746066,6585.895949,6874.582566,7233.206103
"GDP per capita, PPP (constant 2011 international $)",NY.GDP.PCAP.PP.KD,Poland,POL,10276.57333,14732.482,19563.29763,20391.90022,20952.80167,21770.64444,22850.63885,23218.1113,23555.49621,24347.07366,25299.97435,26035.8379
"GDP per capita, PPP (constant 2011 international $)",NY.GDP.PCAP.PP.KD,Portugal,PRT,20166.92799,25999.49069,27575.23676,27590.37495,26743.19799,27238.46067,26780.21491,25805.84983,25654.6143,26023.69785,26607.83312,27124.15504
"GDP per capita, PPP (constant 2011 international $)",NY.GDP.PCAP.PP.KD,Puerto Rico,PRI,22227.17784,31005.16652,34820.80949,34379.72744,33892.838,33924.05401,34195.64085,34622.05002,34913.62274,35066.04638,35291.84421,35044.66971
"GDP per capita, PPP (constant 2011 international $)",NY.GDP.PCAP.PP.KD,Qatar,QAT,,108323.9039,118831.6554,119723.1007,117064.8597,125140.8383,129349.9164,125302.08,122636.9216,120860.0676,119749.4285,118207.1346
"GDP per capita, PPP (constant 2011 international $)",NY.GDP.PCAP.PP.KD,Romania,ROU,11422.46995,10470.96597,17190.95593,18923.63362,17954.13124,17553.2833,17997.88413,18302.02629,19018.87078,19677.52025,20556.00364,21670.70479
"GDP per capita, PPP (constant 2011 international $)",NY.GDP.PCAP.PP.KD,Russian Federation,RUS,20639.00054,14050.85134,22798.97083,24005.99668,22121.85249,23107.78522,24310.04397,25156.42094,25551.08997,25284.5862,24516.54995,24416.62388
"GDP per capita, PPP (constant 2011 international $)",NY.GDP.PCAP.PP.KD,Rwanda,RWA,872.5285226,792.9235783,1168.020842,1263.511097,1306.22755,1365.17424,1436.868937,1521.626448,1552.751769,1629.868866,1731.043423,1790.254755
"GDP per capita, PPP (constant 2011 international $)",NY.GDP.PCAP.PP.KD,Samoa,WSM,3649.144217,4325.830632,5709.361492,5728.009131,5414.239286,5399.893096,5667.490534,5644.292861,5489.787094,5511.163112,5558.791879,5914.281291
"GDP per capita, PPP (constant 2011 international $)",NY.GDP.PCAP.PP.KD,San Marino,SMR,,75678.5028,90727.20951,91087.92413,78444.72812,73862.33744,66053.1105,60282.54381,57750.45877,56620.54262,56372.36242,56500.46911
"GDP per capita, PPP (constant 2011 international $)",NY.GDP.PCAP.PP.KD,Sao Tome and Principe,STP,,,2394.663767,2531.528129,2533.747923,2641.513948,2695.629542,2718.163543,2785.734046,2902.693372,2947.510971,3003.768446
"GDP per capita, PPP (constant 2011 international $)",NY.GDP.PCAP.PP.KD,Saudi Arabia,SAU,42457.11489,43071.44983,45130.13956,46678.55353,44481.47176,45421.22848,48524.63249,49658.6527,49537.58573,49958.44334,50723.71265,50423.01349
"GDP per capita, PPP (constant 2011 international $)",NY.GDP.PCAP.PP.KD,Senegal,SEN,1844.868039,1910.535042,2147.440038,2166.24105,2157.397797,2183.995051,2158.181182,2187.17909,2195.963854,2218.551917,2293.853539,2379.451264
"GDP per capita, PPP (constant 2011 international $)",NY.GDP.PCAP.PP.KD,Serbia,SRB,,7984.836247,12206.03906,12915.96565,12563.78709,12688.12429,12967.91864,12898.70491,13294.9603,13112.90896,13277.80012,13720.89089
"GDP per capita, PPP (constant 2011 international $)",NY.GDP.PCAP.PP.KD,Seychelles,SYC,14216.5299,18453.10977,20968.21668,20064.3024,19764.80709,20365.11893,22556.58257,22618.01239,23540.38038,24221.14426,24856.5599,25630.71009
"GDP per capita, PPP (constant 2011 international $)",NY.GDP.PCAP.PP.KD,Sierra Leone,SLE,1250.575193,912.7425576,1124.541181,1156.419383,1165.887926,1199.98985,1246.252789,1402.697094,1655.121779,1692.142067,1314.273728,1363.863571
"GDP per capita, PPP (constant 2011 international $)",NY.GDP.PCAP.PP.KD,Singapore,SGP,34344.6723,51706.43482,68432.68555,66046.14739,63697.29143,72115.8395,75113.20453,76285.56992,78896.6127,80903.53465,81741.09694,82621.50318
"GDP per capita, PPP (constant 2011 international $)",NY.GDP.PCAP.PP.KD,Sint Maarten (Dutch part),SXM,,,,,,,36327.2319,,,,,
"GDP per capita, PPP (constant 2011 international $)",NY.GDP.PCAP.PP.KD,Slovak Republic,SVK,,15605.19611,24049.98337,25382.1684,23973.84139,25159.07755,25835.00476,26218.4716,26580.71785,27285.28467,28308.87977,29212.3782
"GDP per capita, PPP (constant 2011 international $)",NY.GDP.PCAP.PP.KD,Slovenia,SVN,,22723.32704,30190.72365,31137.77637,28451.54552,28678.37263,28804.70152,27976.91631,27622.68555,28417.65644,29037.74168,29930.03704
"GDP per capita, PPP (constant 2011 international $)",NY.GDP.PCAP.PP.KD,Solomon Islands,SLB,1883.179749,1816.734783,1838.592846,1924.001489,1791.828545,1871.369352,2071.892091,2119.467968,2137.003952,2139.560741,2149.221632,2179.232117
"GDP per capita, PPP (constant 2011 international $)",NY.GDP.PCAP.PP.KD,Somalia,SOM,,,,,,,,,,,,
"GDP per capita, PPP (constant 2011 international $)",NY.GDP.PCAP.PP.KD,South Africa,ZAF,9696.384085,9538.968503,11741.35315,11989.86005,11676.04494,11887.80503,12118.73786,12215.25187,12339.7324,12389.71467,12377.65926,12286.69712
"GDP per capita, PPP (constant 2011 international $)",NY.GDP.PCAP.PP.KD,South Sudan,SSD,,,,,,,3373.961389,1550.269284,1940.428506,1935.8794,1875.380066,1569.888346
"GDP per capita, PPP (constant 2011 international $)",NY.GDP.PCAP.PP.KD,Spain,ESP,23758.7281,29967.13145,34329.647,34163.94639,32652.51218,32507.09397,32068.27093,31109.18746,30678.9173,31195.40524,32291.1552,33320.37272
"GDP per capita, PPP (constant 2011 international $)",NY.GDP.PCAP.PP.KD,Sri Lanka,LKA,3612.338545,5541.909734,7339.197073,7723.239233,7945.071817,8529.571442,9193.359509,9980.022952,10238.71154,10650.39018,11079.71068,11445.46436
"GDP per capita, PPP (constant 2011 international $)",NY.GDP.PCAP.PP.KD,St. Kitts and Nevis,KNA,14326.22524,20173.27281,21959.39905,23086.47143,22145.49681,21412.20145,21689.30389,21319.23496,22399.09224,23483.01238,24169.85992,24463.61725
"GDP per capita, PPP (constant 2011 international $)",NY.GDP.PCAP.PP.KD,St. Lucia,LCA,9831.000902,10926.55907,11892.86239,12421.86358,12436.01409,12123.83514,12112.40013,12064.76572,12415.73105,12335.53651,12522.04023,12671.25805
"GDP per capita, PPP (constant 2011 international $)",NY.GDP.PCAP.PP.KD,St. Martin (French part),MAF,,,,,,,,,,,,
"GDP per capita, PPP (constant 2011 international $)",NY.GDP.PCAP.PP.KD,St. Vincent and the Grenadines,VCT,5576.149208,7554.635333,9848.748636,10494.01034,10265.45945,9915.577619,9871.648577,10009.13083,10193.27262,10290.11096,10468.26274,10583.05397
"GDP per capita, PPP (constant 2011 international $)",NY.GDP.PCAP.PP.KD,Sudan,SDN,1743.446039,2286.658691,3158.477972,3317.85604,3338.228978,3366.096261,3631.663456,4097.068622,4177.335653,4188.334814,4290.372249,4386.352577
"GDP per capita, PPP (constant 2011 international $)",NY.GDP.PCAP.PP.KD,Suriname,SUR,10545.02055,9731.058619,13001.38318,13397.02023,13655.7387,14211.87752,14887.93681,15132.25261,15419.30738,15306.69244,14766.79918,13877.98601
"GDP per capita, PPP (constant 2011 international $)",NY.GDP.PCAP.PP.KD,Sweden,SWE,30933.63273,36854.86876,44051.46761,43466.14184,40862.97013,42942.5625,43755.06044,43308.21447,43475.80134,44167.63187,45679.278,46568.17715
"GDP per capita, PPP (constant 2011 international $)",NY.GDP.PCAP.PP.KD,Switzerland,CHE,48181.75578,50775.97634,56269.1565,56755.83813,54805.57929,55866.30507,56183.83259,56149.67086,56535.74005,57218.02793,57264.1574,57421.5485
"GDP per capita, PPP (constant 2011 international $)",NY.GDP.PCAP.PP.KD,Syria,SYR,,,,,,,,,,,,
"GDP per capita, PPP (constant 2011 international $)",NY.GDP.PCAP.PP.KD,Tajikistan,TJK,3644.666922,1179.868723,1886.66563,1991.893162,2022.460983,2106.338756,2211.753822,2324.369287,2440.586951,2546.500484,2640.58952,2762.585453
"GDP per capita, PPP (constant 2011 international $)",NY.GDP.PCAP.PP.KD,Tanzania,TZA,1472.58375,1481.527903,1942.488616,1986.914954,2028.609813,2090.583225,2186.131582,2227.828714,2316.44306,2402.099346,2490.957101,2583.589673
"GDP per capita, PPP (constant 2011 international $)",NY.GDP.PCAP.PP.KD,Thailand,THA,6650.439738,9189.060781,12607.08111,12757.15784,12605.37312,13486.56241,13535.13327,14448.30501,14771.46675,14857.20293,15252.22825,15705.8066
"GDP per capita, PPP (constant 2011 international $)",NY.GDP.PCAP.PP.KD,Timor-Leste,TLS,,3308.010512,9039.194565,9822.375924,9109.759847,8860.850005,9717.151404,9977.079097,8672.49918,6262.905516,7398.837883,7297.001796
"GDP per capita, PPP (constant 2011 international $)",NY.GDP.PCAP.PP.KD,Togo,TGO,1350.133276,1276.990341,1190.580141,1184.601851,1193.513083,1208.28121,1233.834912,1259.334474,1275.195451,1315.34026,1351.053963,1388.496142
"GDP per capita, PPP (constant 2011 international $)",NY.GDP.PCAP.PP.KD,Tonga,TON,3574.195232,4601.738191,4641.842176,4755.610258,4836.417883,4984.19363,5101.456005,5128.53418,4950.709252,5031.629951,5189.842453,5327.2672
"GDP per capita, PPP (constant 2011 international $)",NY.GDP.PCAP.PP.KD,Trinidad and Tobago,TTO,12255.41389,18323.95826,31047.53484,31951.0206,30403.81002,31260.90705,31012.71642,31254.78873,31405.44627,31181.8212,31524.58862,29540.8743
"GDP per capita, PPP (constant 2011 international $)",NY.GDP.PCAP.PP.KD,Tunisia,TUN,5614.938383,7573.929213,9698.423639,10003.29949,10195.57651,10436.3656,10120.67717,10404.22409,10579.12288,10767.02765,10765.88625,10761.51453
"GDP per capita, PPP (constant 2011 international $)",NY.GDP.PCAP.PP.KD,Turkey,TUR,11400.17814,13862.05043,17901.47793,17836.80519,16783.44147,17959.25911,19660.88949,20282.02838,21650.75677,22401.88043,23388.4813,23756.48429
"GDP per capita, PPP (constant 2011 international $)",NY.GDP.PCAP.PP.KD,Turkmenistan,TKM,8316.756977,5333.089242,7815.008519,8844.633509,9248.886549,9942.426956,11212.53851,12235.36862,13236.03965,14332.36577,14992.32314,15648.37311
"GDP per capita, PPP (constant 2011 international $)",NY.GDP.PCAP.PP.KD,Turks and Caicos Islands,TCA,,,,,,,,,,,,
"GDP per capita, PPP (constant 2011 international $)",NY.GDP.PCAP.PP.KD,Tuvalu,TUV,2353.715762,3043.414457,3058.800344,3272.006838,3096.715258,2986.449856,3181.601723,3031.898968,3143.110114,3159.486065,3419.203468,3492.497412
"GDP per capita, PPP (constant 2011 international $)",NY.GDP.PCAP.PP.KD,Uganda,UGA,769.4524841,1049.778625,1370.274595,1439.110548,1485.027085,1515.866412,1602.544811,1608.439799,1610.810913,1637.275081,1665.949905,1687.082736
"GDP per capita, PPP (constant 2011 international $)",NY.GDP.PCAP.PP.KD,Ukraine,UKR,10463.95996,4797.380277,8497.059496,8739.686077,7479.34217,7824.498452,8281.867126,8322.173034,8338.91505,8243.473515,7464.939834,7668.055776
"GDP per capita, PPP (constant 2011 international $)",NY.GDP.PCAP.PP.KD,United Arab Emirates,ARE,110432.465,102634.9243,78830.27664,71314.66882,60769.86103,57232.61808,58363.67822,59419.08949,61688.3803,63943.18583,66569.40341,67705.94933
"GDP per capita, PPP (constant 2011 international $)",NY.GDP.PCAP.PP.KD,United Kingdom,GBR,26827.84226,33266.11643,38384.25197,37903.38193,36042.42423,36366.98318,36607.98109,36892.85031,37398.79722,38251.79248,38839.16696,39309.32708
"GDP per capita, PPP (constant 2011 international $)",NY.GDP.PCAP.PP.KD,United States,USA,37062.13026,45986.05271,51011.42503,50383.84056,48557.86764,49374.17889,49793.71352,50520.34829,51003.68599,51921.98464,53005.63615,53399.35917
"GDP per capita, PPP (constant 2011 international $)",NY.GDP.PCAP.PP.KD,Uruguay,URY,9840.72007,12874.76476,14330.29472,15307.85795,15900.82926,17082.40466,17904.74583,18477.37913,19270.5761,19827.56499,19831.4459,20093.63226
"GDP per capita, PPP (constant 2011 international $)",NY.GDP.PCAP.PP.KD,Uzbekistan,UZB,3071.022647,2503.657346,3525.435558,3781.528957,4019.435793,4239.702208,4469.997484,4765.860109,5067.360265,5370.865802,5700.236028,6038.928299
"GDP per capita, PPP (constant 2011 international $)",NY.GDP.PCAP.PP.KD,Vanuatu,VUT,2549.287954,2822.917121,2833.643045,2944.26146,2970.033065,2948.032937,2915.299885,2899.164415,2890.18939,2892.341604,2806.789686,2856.47531
"GDP per capita, PPP (constant 2011 international $)",NY.GDP.PCAP.PP.KD,Venezuela,VEN,14450.68384,14413.06332,17275.95936,17897.09846,17053.93131,16544.97206,16981.33549,17678.8125,17665.24,16745.02198,,
"GDP per capita, PPP (constant 2011 international $)",NY.GDP.PCAP.PP.KD,Vietnam,VNM,1452.877479,2562.104865,3831.243217,4009.959321,4185.019792,4408.168612,4632.765965,4821.137231,5024.438902,5264.8281,5554.858056,5837.628704
"GDP per capita, PPP (constant 2011 international $)",NY.GDP.PCAP.PP.KD,Virgin Islands (U.S.),VIR,,,,,,,,,,,,
"GDP per capita, PPP (constant 2011 international $)",NY.GDP.PCAP.PP.KD,West Bank and Gaza,PSE,,4202.922588,4012.739788,3612.142089,4179.070003,4172.745689,4356.341825,4841.813486,4498.302206,4319.528283,4713.499587,4738.015426
"GDP per capita, PPP (constant 2011 international $)",NY.GDP.PCAP.PP.KD,"Yemen, Rep.",YEM,3327.102629,3893.822682,4192.210986,4227.580301,4272.811665,4478.743599,3805.237917,3793.412118,3872.785357,3766.805255,2308.636584,1479.147005
"GDP per capita, PPP (constant 2011 international $)",NY.GDP.PCAP.PP.KD,Zambia,ZMB,2341.933063,2102.983169,2748.858048,2881.811825,3060.067789,3279.277161,3361.112069,3509.413319,3576.680691,3632.503753,3627.202041,3652.151926
"GDP per capita, PPP (constant 2011 international $)",NY.GDP.PCAP.PP.KD,Zimbabwe,ZWE,2605.794934,2583.49099,1501.078384,1215.020416,1336.212644,1474.877128,1667.137943,1871.36634,1929.765001,1925.138698,1912.280261,1879.628119
,,,,,,,,,,,,,,,
,,,,,,,,,,,,,,,
,,,,,,,,,,,,,,,
Data from database: Jobs,,,,,,,,,,,,,,,
Last Updated: 06/29/2022,,,,,,,,,,,,,,,
